item_id,item_idx
1,1
2,2
3,3
5,4
6,5
7,6
8,7
9,8
10,9
11,10
12,11
13,12
14,13
15,14
16,15
17,16
18,17
19,18
20,19
21,20
22,21
23,22
24,23
25,24
26,25
27,26
28,27
29,28
30,29
31,30
32,31
34,32
36,33
39,34
40,35
41,36
42,37
43,38
44,39
45,40
46,41
47,42
48,43
50,44
52,45
53,46
54,47
55,48
57,49
58,50
60,51
61,52
62,53
63,54
65,55
66,56
68,57
69,58
70,59
72,60
73,61
74,62
76,63
77,64
78,65
79,66
80,67
81,68
82,69
85,70
86,71
88,72
89,73
92,74
93,75
94,76
95,77
97,78
99,79
100,80
101,81
102,82
104,83
105,84
106,85
107,86
108,87
110,88
111,89
112,90
113,91
116,92
121,93
122,94
123,95
125,96
132,97
135,98
140,99
141,100
144,101
145,102
146,103
147,104
148,105
150,106
151,107
153,108
154,109
155,110
156,111
157,112
158,113
159,114
160,115
161,116
162,117
163,118
164,119
165,120
166,121
168,122
170,123
171,124
172,125
173,126
174,127
175,128
176,129
177,130
180,131
181,132
183,133
184,134
185,135
186,136
187,137
188,138
190,139
191,140
193,141
194,142
195,143
196,144
198,145
199,146
203,147
204,148
205,149
206,150
207,151
208,152
209,153
210,154
211,155
212,156
213,157
214,158
215,159
216,160
217,161
218,162
222,163
223,164
224,165
225,166
227,167
229,168
230,169
231,170
232,171
233,172
234,173
235,174
236,175
237,176
238,177
239,178
241,179
242,180
246,181
247,182
248,183
249,184
250,185
252,186
253,187
255,188
256,189
257,190
258,191
259,192
260,193
261,194
262,195
263,196
265,197
266,198
267,199
270,200
271,201
272,202
273,203
274,204
276,205
277,206
280,207
281,208
282,209
283,210
284,211
285,212
288,213
289,214
290,215
292,216
293,217
296,218
299,219
300,220
301,221
302,222
303,223
304,224
305,225
306,226
307,227
308,228
313,229
314,230
315,231
316,232
317,233
318,234
319,235
321,236
322,237
324,238
325,239
326,240
327,241
328,242
329,243
330,244
332,245
333,246
334,247
335,248
337,249
338,250
339,251
340,252
341,253
342,254
343,255
344,256
345,257
346,258
347,259
348,260
349,261
350,262
351,263
353,264
354,265
355,266
356,267
357,268
361,269
362,270
363,271
364,272
365,273
366,274
367,275
368,276
369,277
370,278
371,279
372,280
373,281
374,282
376,283
377,284
379,285
380,286
381,287
382,288
383,289
385,290
388,291
389,292
390,293
393,294
408,295
410,296
412,297
413,298
415,299
416,300
417,301
419,302
420,303
421,304
422,305
423,306
425,307
426,308
427,309
428,310
430,311
431,312
432,313
433,314
434,315
435,316
436,317
438,318
440,319
441,320
442,321
444,322
445,323
446,324
448,325
450,326
451,327
452,328
453,329
454,330
455,331
456,332
457,333
461,334
464,335
466,336
467,337
468,338
469,339
471,340
474,341
475,342
477,343
480,344
481,345
482,346
484,347
485,348
486,349
487,350
490,351
491,352
492,353
493,354
494,355
495,356
496,357
497,358
500,359
501,360
502,361
505,362
506,363
507,364
508,365
509,366
511,367
512,368
513,369
514,370
515,371
516,372
517,373
519,374
520,375
522,376
523,377
524,378
526,379
527,380
529,381
531,382
532,383
533,384
534,385
535,386
536,387
537,388
538,389
539,390
540,391
541,392
542,393
543,394
547,395
548,396
549,397
550,398
551,399
552,400
553,401
555,402
556,403
558,404
562,405
563,406
568,407
569,408
574,409
575,410
580,411
581,412
583,413
585,414
586,415
587,416
588,417
589,418
590,419
592,420
593,421
594,422
595,423
596,424
597,425
599,426
600,427
602,428
605,429
606,430
608,431
609,432
610,433
611,434
613,435
616,436
617,437
619,438
626,439
627,440
628,441
631,442
632,443
633,444
637,445
639,446
640,447
645,448
647,449
648,450
650,451
653,452
656,453
661,454
662,455
663,456
665,457
667,458
668,459
670,460
671,461
673,462
674,463
678,464
679,465
680,466
685,467
688,468
691,469
692,470
694,471
695,472
700,473
704,474
707,475
708,476
709,477
711,478
714,479
715,480
718,481
719,482
720,483
722,484
724,485
728,486
731,487
733,488
735,489
736,490
737,491
741,492
742,493
743,494
745,495
747,496
748,497
750,498
757,499
759,500
760,501
761,502
762,503
764,504
765,505
766,506
778,507
779,508
780,509
781,510
782,511
783,512
784,513
785,514
786,515
788,516
791,517
795,518
798,519
799,520
800,521
801,522
802,523
803,524
804,525
805,526
808,527
809,528
810,529
813,530
818,531
824,532
828,533
829,534
830,535
832,536
833,537
835,538
836,539
837,540
838,541
839,542
840,543
842,544
848,545
849,546
851,547
852,548
858,549
861,550
866,551
869,552
876,553
879,554
880,555
886,556
889,557
891,558
892,559
893,560
897,561
898,562
899,563
900,564
901,565
902,566
903,567
904,568
905,569
906,570
907,571
908,572
909,573
910,574
911,575
912,576
913,577
914,578
915,579
916,580
917,581
918,582
919,583
920,584
921,585
922,586
923,587
924,588
926,589
927,590
928,591
930,592
931,593
932,594
933,595
934,596
935,597
936,598
937,599
938,600
940,601
941,602
942,603
943,604
944,605
945,606
946,607
947,608
948,609
949,610
950,611
951,612
952,613
953,614
954,615
955,616
956,617
961,618
965,619
968,620
969,621
971,622
973,623
984,624
986,625
990,626
991,627
994,628
996,629
998,630
999,631
1004,632
1006,633
1009,634
1010,635
1011,636
1012,637
1013,638
1014,639
1015,640
1017,641
1019,642
1020,643
1021,644
1022,645
1023,646
1024,647
1025,648
1027,649
1028,650
1029,651
1030,652
1031,653
1032,654
1033,655
1034,656
1035,657
1036,658
1037,659
1041,660
1042,661
1046,662
1047,663
1049,664
1050,665
1051,666
1056,667
1057,668
1059,669
1060,670
1061,671
1064,672
1066,673
1073,674
1077,675
1078,676
1079,677
1080,678
1081,679
1082,680
1083,681
1084,682
1085,683
1086,684
1088,685
1089,686
1090,687
1091,688
1092,689
1093,690
1094,691
1095,692
1096,693
1097,694
1099,695
1100,696
1101,697
1103,698
1104,699
1105,700
1111,701
1112,702
1116,703
1120,704
1121,705
1123,706
1124,707
1125,708
1126,709
1127,710
1129,711
1130,712
1131,713
1132,714
1135,715
1136,716
1137,717
1140,718
1144,719
1147,720
1148,721
1150,722
1151,723
1161,724
1167,725
1171,726
1172,727
1173,728
1175,729
1176,730
1177,731
1178,732
1179,733
1183,734
1184,735
1185,736
1186,737
1187,738
1188,739
1189,740
1190,741
1191,742
1192,743
1193,744
1194,745
1196,746
1197,747
1198,748
1199,749
1200,750
1201,751
1202,752
1203,753
1204,754
1206,755
1207,756
1208,757
1209,758
1210,759
1211,760
1212,761
1213,762
1214,763
1215,764
1216,765
1217,766
1218,767
1219,768
1220,769
1221,770
1222,771
1223,772
1224,773
1225,774
1226,775
1227,776
1228,777
1230,778
1231,779
1232,780
1233,781
1234,782
1235,783
1236,784
1237,785
1238,786
1240,787
1241,788
1242,789
1243,790
1244,791
1245,792
1246,793
1247,794
1248,795
1249,796
1250,797
1251,798
1252,799
1253,800
1254,801
1256,802
1257,803
1258,804
1259,805
1260,806
1261,807
1262,808
1263,809
1264,810
1265,811
1266,812
1267,813
1268,814
1269,815
1270,816
1271,817
1272,818
1273,819
1274,820
1275,821
1276,822
1277,823
1278,824
1279,825
1280,826
1281,827
1282,828
1283,829
1284,830
1285,831
1286,832
1287,833
1288,834
1289,835
1290,836
1291,837
1292,838
1293,839
1295,840
1296,841
1297,842
1298,843
1299,844
1300,845
1301,846
1302,847
1303,848
1304,849
1305,850
1306,851
1307,852
1310,853
1320,854
1321,855
1327,856
1332,857
1333,858
1334,859
1337,860
1339,861
1341,862
1342,863
1343,864
1344,865
1345,866
1346,867
1347,868
1348,869
1349,870
1350,871
1353,872
1354,873
1356,874
1357,875
1358,876
1359,877
1361,878
1363,879
1365,880
1366,881
1367,882
1370,883
1371,884
1372,885
1373,886
1374,887
1375,888
1376,889
1377,890
1378,891
1379,892
1380,893
1381,894
1385,895
1387,896
1388,897
1390,898
1391,899
1392,900
1393,901
1394,902
1395,903
1396,904
1397,905
1399,906
1401,907
1405,908
1406,909
1407,910
1408,911
1409,912
1411,913
1413,914
1414,915
1415,916
1416,917
1419,918
1422,919
1423,920
1429,921
1431,922
1432,923
1437,924
1438,925
1441,926
1442,927
1446,928
1447,929
1449,930
1454,931
1457,932
1458,933
1459,934
1461,935
1464,936
1465,937
1466,938
1468,939
1473,940
1474,941
1475,942
1476,943
1479,944
1480,945
1483,946
1484,947
1485,948
1487,949
1488,950
1489,951
1496,952
1497,953
1498,954
1499,955
1500,956
1503,957
1513,958
1517,959
1518,960
1527,961
1529,962
1533,963
1537,964
1541,965
1542,966
1544,967
1545,968
1549,969
1552,970
1554,971
1562,972
1564,973
1565,974
1566,975
1569,976
1571,977
1573,978
1580,979
1584,980
1586,981
1587,982
1588,983
1589,984
1590,985
1591,986
1593,987
1594,988
1596,989
1597,990
1600,991
1603,992
1604,993
1605,994
1606,995
1608,996
1610,997
1611,998
1613,999
1614,1000
1615,1001
1616,1002
1617,1003
1619,1004
1620,1005
1625,1006
1626,1007
1627,1008
1629,1009
1631,1010
1633,1011
1635,1012
1639,1013
1641,1014
1643,1015
1644,1016
1645,1017
1648,1018
1650,1019
1652,1020
1653,1021
1655,1022
1656,1023
1658,1024
1659,1025
1663,1026
1665,1027
1670,1028
1672,1029
1673,1030
1674,1031
1676,1032
1678,1033
1680,1034
1682,1035
1683,1036
1684,1037
1686,1038
1687,1039
1688,1040
1689,1041
1690,1042
1693,1043
1694,1044
1695,1045
1696,1046
1699,1047
1701,1048
1702,1049
1703,1050
1704,1051
1707,1052
1711,1053
1713,1054
1717,1055
1718,1056
1719,1057
1721,1058
1722,1059
1726,1060
1727,1061
1729,1062
1730,1063
1732,1064
1733,1065
1734,1066
1735,1067
1739,1068
1747,1069
1748,1070
1753,1071
1754,1072
1755,1073
1759,1074
1762,1075
1767,1076
1769,1077
1771,1078
1772,1079
1777,1080
1779,1081
1783,1082
1784,1083
1785,1084
1792,1085
1793,1086
1797,1087
1799,1088
1801,1089
1804,1090
1805,1091
1809,1092
1810,1093
1812,1094
1827,1095
1831,1096
1833,1097
1834,1098
1835,1099
1836,1100
1840,1101
1844,1102
1845,1103
1848,1104
1855,1105
1856,1106
1859,1107
1866,1108
1873,1109
1875,1110
1876,1111
1883,1112
1884,1113
1885,1114
1888,1115
1889,1116
1892,1117
1893,1118
1894,1119
1895,1120
1897,1121
1900,1122
1902,1123
1904,1124
1907,1125
1909,1126
1911,1127
1912,1128
1913,1129
1914,1130
1916,1131
1917,1132
1918,1133
1920,1134
1921,1135
1922,1136
1923,1137
1924,1138
1927,1139
1929,1140
1931,1141
1934,1142
1936,1143
1938,1144
1939,1145
1940,1146
1941,1147
1942,1148
1944,1149
1945,1150
1946,1151
1947,1152
1948,1153
1949,1154
1950,1155
1951,1156
1952,1157
1953,1158
1954,1159
1955,1160
1956,1161
1957,1162
1958,1163
1959,1164
1960,1165
1961,1166
1962,1167
1963,1168
1964,1169
1965,1170
1966,1171
1967,1172
1968,1173
1969,1174
1970,1175
1971,1176
1972,1177
1974,1178
1975,1179
1976,1180
1977,1181
1982,1182
1990,1183
1991,1184
1994,1185
1997,1186
1999,1187
2000,1188
2001,1189
2002,1190
2003,1191
2004,1192
2005,1193
2006,1194
2007,1195
2009,1196
2010,1197
2011,1198
2012,1199
2013,1200
2014,1201
2015,1202
2017,1203
2018,1204
2019,1205
2020,1206
2021,1207
2022,1208
2023,1209
2024,1210
2025,1211
2028,1212
2033,1213
2034,1214
2035,1215
2037,1216
2040,1217
2041,1218
2046,1219
2048,1220
2050,1221
2051,1222
2052,1223
2054,1224
2057,1225
2058,1226
2059,1227
2060,1228
2064,1229
2065,1230
2066,1231
2067,1232
2068,1233
2069,1234
2070,1235
2072,1236
2073,1237
2074,1238
2075,1239
2076,1240
2077,1241
2078,1242
2080,1243
2081,1244
2082,1245
2083,1246
2084,1247
2085,1248
2087,1249
2088,1250
2089,1251
2090,1252
2092,1253
2093,1254
2094,1255
2096,1256
2097,1257
2099,1258
2100,1259
2102,1260
2103,1261
2104,1262
2105,1263
2106,1264
2108,1265
2109,1266
2110,1267
2111,1268
2112,1269
2114,1270
2115,1271
2116,1272
2117,1273
2118,1274
2122,1275
2123,1276
2124,1277
2125,1278
2126,1279
2130,1280
2131,1281
2132,1282
2133,1283
2134,1284
2135,1285
2136,1286
2137,1287
2138,1288
2139,1289
2140,1290
2141,1291
2143,1292
2144,1293
2145,1294
2146,1295
2148,1296
2149,1297
2150,1298
2151,1299
2153,1300
2155,1301
2156,1302
2159,1303
2160,1304
2161,1305
2165,1306
2167,1307
2169,1308
2171,1309
2174,1310
2175,1311
2176,1312
2178,1313
2181,1314
2182,1315
2183,1316
2184,1317
2185,1318
2186,1319
2193,1320
2194,1321
2195,1322
2196,1323
2201,1324
2202,1325
2203,1326
2204,1327
2206,1328
2208,1329
2212,1330
2227,1331
2231,1332
2232,1333
2236,1334
2239,1335
2240,1336
2241,1337
2243,1338
2245,1339
2247,1340
2248,1341
2249,1342
2253,1343
2257,1344
2259,1345
2261,1346
2262,1347
2263,1348
2266,1349
2268,1350
2269,1351
2273,1352
2275,1353
2278,1354
2282,1355
2283,1356
2287,1357
2288,1358
2289,1359
2290,1360
2291,1361
2294,1362
2295,1363
2296,1364
2297,1365
2298,1366
2300,1367
2301,1368
2302,1369
2303,1370
2304,1371
2310,1372
2311,1373
2312,1374
2313,1375
2314,1376
2316,1377
2318,1378
2320,1379
2321,1380
2322,1381
2323,1382
2324,1383
2325,1384
2327,1385
2328,1386
2329,1387
2330,1388
2331,1389
2333,1390
2334,1391
2335,1392
2336,1393
2337,1394
2338,1395
2340,1396
2342,1397
2344,1398
2346,1399
2348,1400
2349,1401
2350,1402
2351,1403
2352,1404
2353,1405
2354,1406
2355,1407
2357,1408
2358,1409
2359,1410
2360,1411
2361,1412
2362,1413
2366,1414
2367,1415
2369,1416
2371,1417
2372,1418
2373,1419
2374,1420
2375,1421
2376,1422
2377,1423
2378,1424
2379,1425
2380,1426
2381,1427
2382,1428
2384,1429
2387,1430
2388,1431
2390,1432
2391,1433
2393,1434
2394,1435
2395,1436
2396,1437
2398,1438
2401,1439
2402,1440
2403,1441
2405,1442
2406,1443
2407,1444
2409,1445
2410,1446
2411,1447
2413,1448
2414,1449
2416,1450
2418,1451
2419,1452
2420,1453
2421,1454
2423,1455
2424,1456
2425,1457
2427,1458
2428,1459
2429,1460
2430,1461
2431,1462
2432,1463
2433,1464
2435,1465
2436,1466
2439,1467
2442,1468
2443,1469
2445,1470
2447,1471
2450,1472
2454,1473
2455,1474
2456,1475
2457,1476
2458,1477
2459,1478
2463,1479
2467,1480
2469,1481
2470,1482
2471,1483
2472,1484
2474,1485
2475,1486
2476,1487
2477,1488
2478,1489
2481,1490
2485,1491
2488,1492
2490,1493
2491,1494
2492,1495
2493,1496
2494,1497
2495,1498
2496,1499
2497,1500
2500,1501
2501,1502
2502,1503
2503,1504
2504,1505
2505,1506
2506,1507
2511,1508
2512,1509
2513,1510
2517,1511
2518,1512
2521,1513
2522,1514
2524,1515
2527,1516
2528,1517
2529,1518
2530,1519
2531,1520
2532,1521
2533,1522
2534,1523
2539,1524
2541,1525
2542,1526
2546,1527
2549,1528
2550,1529
2551,1530
2553,1531
2554,1532
2557,1533
2558,1534
2560,1535
2563,1536
2565,1537
2567,1538
2568,1539
2570,1540
2571,1541
2572,1542
2575,1543
2579,1544
2580,1545
2581,1546
2582,1547
2583,1548
2585,1549
2587,1550
2593,1551
2594,1552
2596,1553
2598,1554
2599,1555
2600,1556
2605,1557
2606,1558
2607,1559
2609,1560
2612,1561
2613,1562
2615,1563
2616,1564
2617,1565
2618,1566
2622,1567
2624,1568
2628,1569
2630,1570
2632,1571
2633,1572
2634,1573
2639,1574
2640,1575
2641,1576
2644,1577
2648,1578
2654,1579
2657,1580
2660,1581
2662,1582
2664,1583
2668,1584
2669,1585
2670,1586
2671,1587
2672,1588
2676,1589
2677,1590
2682,1591
2683,1592
2686,1593
2687,1594
2688,1595
2690,1596
2691,1597
2692,1598
2693,1599
2694,1600
2696,1601
2699,1602
2700,1603
2701,1604
2702,1605
2706,1606
2707,1607
2708,1608
2709,1609
2710,1610
2712,1611
2713,1612
2716,1613
2717,1614
2718,1615
2720,1616
2722,1617
2723,1618
2724,1619
2726,1620
2728,1621
2729,1622
2730,1623
2731,1624
2732,1625
2734,1626
2735,1627
2736,1628
2737,1629
2738,1630
2739,1631
2744,1632
2745,1633
2746,1634
2747,1635
2749,1636
2750,1637
2751,1638
2752,1639
2759,1640
2761,1641
2762,1642
2763,1643
2764,1644
2769,1645
2770,1646
2771,1647
2772,1648
2779,1649
2782,1650
2788,1651
2789,1652
2791,1653
2792,1654
2795,1655
2796,1656
2797,1657
2801,1658
2802,1659
2803,1660
2804,1661
2805,1662
2806,1663
2807,1664
2808,1665
2810,1666
2819,1667
2820,1668
2822,1669
2824,1670
2826,1671
2829,1672
2836,1673
2839,1674
2840,1675
2841,1676
2843,1677
2844,1678
2846,1679
2848,1680
2851,1681
2852,1682
2857,1683
2858,1684
2859,1685
2861,1686
2863,1687
2865,1688
2866,1689
2867,1690
2870,1691
2871,1692
2872,1693
2874,1694
2875,1695
2877,1696
2879,1697
2880,1698
2881,1699
2883,1700
2889,1701
2890,1702
2891,1703
2894,1704
2897,1705
2899,1706
2901,1707
2905,1708
2906,1709
2907,1710
2908,1711
2912,1712
2915,1713
2916,1714
2917,1715
2918,1716
2919,1717
2921,1718
2922,1719
2924,1720
2925,1721
2926,1722
2927,1723
2928,1724
2931,1725
2932,1726
2935,1727
2936,1728
2937,1729
2940,1730
2941,1731
2942,1732
2943,1733
2944,1734
2946,1735
2947,1736
2948,1737
2949,1738
2950,1739
2951,1740
2952,1741
2953,1742
2956,1743
2959,1744
2966,1745
2967,1746
2968,1747
2969,1748
2970,1749
2971,1750
2972,1751
2973,1752
2976,1753
2977,1754
2978,1755
2983,1756
2984,1757
2985,1758
2986,1759
2987,1760
2988,1761
2989,1762
2990,1763
2991,1764
2993,1765
2996,1766
2997,1767
3000,1768
3002,1769
3003,1770
3004,1771
3005,1772
3006,1773
3007,1774
3008,1775
3010,1776
3011,1777
3013,1778
3015,1779
3016,1780
3017,1781
3018,1782
3019,1783
3020,1784
3022,1785
3024,1786
3029,1787
3030,1788
3032,1789
3033,1790
3034,1791
3035,1792
3036,1793
3037,1794
3038,1795
3039,1796
3040,1797
3041,1798
3044,1799
3045,1800
3046,1801
3052,1802
3053,1803
3055,1804
3056,1805
3057,1806
3060,1807
3061,1808
3062,1809
3063,1810
3066,1811
3067,1812
3068,1813
3070,1814
3071,1815
3072,1816
3073,1817
3074,1818
3075,1819
3076,1820
3077,1821
3078,1822
3079,1823
3081,1824
3082,1825
3083,1826
3086,1827
3087,1828
3088,1829
3089,1830
3090,1831
3091,1832
3093,1833
3094,1834
3095,1835
3096,1836
3097,1837
3098,1838
3099,1839
3100,1840
3101,1841
3102,1842
3104,1843
3105,1844
3107,1845
3108,1846
3109,1847
3111,1848
3113,1849
3114,1850
3115,1851
3117,1852
3120,1853
3125,1854
3129,1855
3130,1856
3134,1857
3135,1858
3142,1859
3145,1860
3146,1861
3147,1862
3148,1863
3150,1864
3152,1865
3153,1866
3155,1867
3156,1868
3157,1869
3158,1870
3159,1871
3160,1872
3161,1873
3163,1874
3165,1875
3167,1876
3168,1877
3169,1878
3171,1879
3173,1880
3174,1881
3175,1882
3176,1883
3177,1884
3178,1885
3179,1886
3181,1887
3182,1888
3185,1889
3186,1890
3189,1891
3190,1892
3194,1893
3196,1894
3197,1895
3198,1896
3200,1897
3201,1898
3203,1899
3204,1900
3208,1901
3210,1902
3211,1903
3213,1904
3214,1905
3217,1906
3219,1907
3221,1908
3223,1909
3224,1910
3230,1911
3235,1912
3240,1913
3241,1914
3243,1915
3244,1916
3246,1917
3247,1918
3248,1919
3249,1920
3250,1921
3251,1922
3252,1923
3253,1924
3254,1925
3255,1926
3256,1927
3257,1928
3258,1929
3259,1930
3260,1931
3261,1932
3262,1933
3263,1934
3264,1935
3265,1936
3266,1937
3267,1938
3269,1939
3270,1940
3271,1941
3272,1942
3273,1943
3274,1944
3275,1945
3283,1946
3285,1947
3286,1948
3287,1949
3289,1950
3295,1951
3296,1952
3298,1953
3299,1954
3300,1955
3301,1956
3302,1957
3303,1958
3306,1959
3307,1960
3308,1961
3310,1962
3316,1963
3317,1964
3323,1965
3326,1966
3327,1967
3328,1968
3329,1969
3330,1970
3334,1971
3341,1972
3342,1973
3344,1974
3347,1975
3350,1976
3353,1977
3354,1978
3355,1979
3357,1980
3358,1981
3359,1982
3360,1983
3361,1984
3362,1985
3363,1986
3364,1987
3365,1988
3372,1989
3374,1990
3378,1991
3384,1992
3385,1993
3386,1994
3387,1995
3388,1996
3392,1997
3396,1998
3397,1999
3398,2000
3401,2001
3402,2002
3403,2003
3404,2004
3406,2005
3408,2006
3409,2007
3410,2008
3412,2009
3414,2010
3415,2011
3418,2012
3420,2013
3421,2014
3422,2015
3424,2016
3425,2017
3426,2018
3429,2019
3430,2020
3435,2021
3436,2022
3438,2023
3439,2024
3440,2025
3441,2026
3444,2027
3445,2028
3446,2029
3447,2030
3448,2031
3449,2032
3450,2033
3451,2034
3452,2035
3453,2036
3459,2037
3461,2038
3462,2039
3466,2040
3467,2041
3468,2042
3469,2043
3470,2044
3471,2045
3473,2046
3474,2047
3475,2048
3476,2049
3477,2050
3479,2051
3480,2052
3481,2053
3483,2054
3484,2055
3489,2056
3492,2057
3494,2058
3496,2059
3498,2060
3499,2061
3500,2062
3501,2063
3502,2064
3503,2065
3504,2066
3505,2067
3506,2068
3507,2069
3508,2070
3510,2071
3511,2072
3512,2073
3513,2074
3515,2075
3516,2076
3521,2077
3524,2078
3525,2079
3526,2080
3527,2081
3528,2082
3529,2083
3531,2084
3534,2085
3535,2086
3536,2087
3537,2088
3538,2089
3539,2090
3543,2091
3546,2092
3548,2093
3549,2094
3550,2095
3551,2096
3552,2097
3555,2098
3556,2099
3557,2100
3559,2101
3565,2102
3566,2103
3567,2104
3568,2105
3569,2106
3571,2107
3576,2108
3578,2109
3580,2110
3581,2111
3586,2112
3591,2113
3592,2114
3593,2115
3594,2116
3599,2117
3606,2118
3608,2119
3614,2120
3615,2121
3616,2122
3617,2123
3618,2124
3623,2125
3624,2126
3626,2127
3627,2128
3628,2129
3629,2130
3632,2131
3633,2132
3634,2133
3635,2134
3637,2135
3638,2136
3639,2137
3640,2138
3641,2139
3643,2140
3646,2141
3648,2142
3649,2143
3653,2144
3654,2145
3655,2146
3668,2147
3671,2148
3672,2149
3673,2150
3674,2151
3675,2152
3676,2153
3677,2154
3678,2155
3679,2156
3681,2157
3682,2158
3683,2159
3684,2160
3685,2161
3686,2162
3687,2163
3688,2164
3696,2165
3697,2166
3698,2167
3699,2168
3701,2169
3702,2170
3703,2171
3704,2172
3706,2173
3707,2174
3708,2175
3711,2176
3713,2177
3715,2178
3717,2179
3719,2180
3720,2181
3723,2182
3724,2183
3725,2184
3726,2185
3727,2186
3728,2187
3729,2188
3730,2189
3732,2190
3733,2191
3735,2192
3737,2193
3738,2194
3740,2195
3741,2196
3742,2197
3744,2198
3745,2199
3746,2200
3747,2201
3751,2202
3752,2203
3753,2204
3754,2205
3755,2206
3756,2207
3758,2208
3760,2209
3761,2210
3763,2211
3769,2212
3770,2213
3771,2214
3783,2215
3784,2216
3785,2217
3787,2218
3788,2219
3790,2220
3791,2221
3792,2222
3793,2223
3795,2224
3797,2225
3798,2226
3801,2227
3808,2228
3809,2229
3811,2230
3812,2231
3813,2232
3814,2233
3816,2234
3819,2235
3821,2236
3822,2237
3823,2238
3824,2239
3825,2240
3826,2241
3827,2242
3831,2243
3832,2244
3835,2245
3836,2246
3837,2247
3840,2248
3841,2249
3843,2250
3844,2251
3846,2252
3849,2253
3851,2254
3852,2255
3855,2256
3857,2257
3858,2258
3859,2259
3861,2260
3862,2261
3863,2262
3864,2263
3865,2264
3868,2265
3869,2266
3871,2267
3873,2268
3877,2269
3882,2270
3888,2271
3893,2272
3894,2273
3897,2274
3900,2275
3910,2276
3911,2277
3912,2278
3914,2279
3915,2280
3916,2281
3917,2282
3918,2283
3920,2284
3925,2285
3927,2286
3928,2287
3932,2288
3937,2289
3939,2290
3940,2291
3941,2292
3942,2293
3943,2294
3946,2295
3947,2296
3948,2297
3949,2298
3950,2299
3951,2300
3952,2301
3959,2302
3963,2303
3967,2304
3968,2305
3969,2306
3972,2307
3977,2308
3978,2309
3979,2310
3980,2311
3981,2312
3983,2313
3984,2314
3985,2315
3986,2316
3987,2317
3988,2318
3989,2319
3990,2320
3992,2321
3993,2322
3994,2323
3996,2324
3998,2325
3999,2326
4002,2327
4003,2328
4005,2329
4006,2330
4007,2331
4008,2332
4010,2333
4011,2334
4014,2335
4015,2336
4016,2337
4017,2338
4018,2339
4019,2340
4020,2341
4021,2342
4022,2343
4023,2344
4025,2345
4027,2346
4029,2347
4032,2348
4033,2349
4034,2350
4036,2351
4037,2352
4039,2353
4041,2354
4042,2355
4043,2356
4046,2357
4047,2358
4052,2359
4054,2360
4055,2361
4056,2362
4061,2363
4062,2364
4063,2365
4066,2366
4067,2367
4068,2368
4069,2369
4077,2370
4078,2371
4079,2372
4083,2373
4084,2374
4085,2375
4086,2376
4090,2377
4102,2378
4103,2379
4105,2380
4109,2381
4113,2382
4116,2383
4117,2384
4121,2385
4126,2386
4128,2387
4132,2388
4135,2389
4142,2390
4144,2391
4146,2392
4147,2393
4148,2394
4149,2395
4152,2396
4153,2397
4154,2398
4155,2399
4157,2400
4158,2401
4159,2402
4160,2403
4161,2404
4164,2405
4167,2406
4168,2407
4171,2408
4175,2409
4178,2410
4180,2411
4184,2412
4187,2413
4190,2414
4191,2415
4193,2416
4195,2417
4200,2418
4203,2419
4205,2420
4210,2421
4211,2422
4214,2423
4217,2424
4219,2425
4220,2426
4223,2427
4225,2428
4226,2429
4231,2430
4232,2431
4234,2432
4235,2433
4237,2434
4238,2435
4239,2436
4243,2437
4246,2438
4247,2439
4248,2440
4254,2441
4255,2442
4256,2443
4259,2444
4262,2445
4263,2446
4265,2447
4267,2448
4270,2449
4273,2450
4275,2451
4276,2452
4278,2453
4280,2454
4285,2455
4289,2456
4291,2457
4292,2458
4293,2459
4294,2460
4296,2461
4297,2462
4298,2463
4299,2464
4300,2465
4304,2466
4306,2467
4307,2468
4308,2469
4310,2470
4312,2471
4321,2472
4322,2473
4323,2474
4325,2475
4326,2476
4327,2477
4329,2478
4333,2479
4334,2480
4337,2481
4338,2482
4339,2483
4343,2484
4344,2485
4345,2486
4347,2487
4349,2488
4350,2489
4351,2490
4356,2491
4357,2492
4359,2493
4361,2494
4366,2495
4367,2496
4369,2497
4370,2498
4372,2499
4373,2500
4374,2501
4378,2502
4380,2503
4381,2504
4383,2505
4386,2506
4387,2507
4388,2508
4389,2509
4390,2510
4393,2511
4395,2512
4396,2513
4399,2514
4402,2515
4404,2516
4406,2517
4407,2518
4410,2519
4419,2520
4422,2521
4424,2522
4426,2523
4427,2524
4428,2525
4429,2526
4432,2527
4433,2528
4434,2529
4437,2530
4438,2531
4439,2532
4440,2533
4441,2534
4442,2535
4444,2536
4445,2537
4446,2538
4447,2539
4448,2540
4450,2541
4452,2542
4454,2543
4458,2544
4459,2545
4464,2546
4465,2547
4467,2548
4470,2549
4474,2550
4475,2551
4476,2552
4477,2553
4478,2554
4482,2555
4484,2556
4487,2557
4488,2558
4489,2559
4495,2560
4498,2561
4499,2562
4500,2563
4508,2564
4509,2565
4516,2566
4518,2567
4519,2568
4523,2569
4526,2570
4529,2571
4535,2572
4537,2573
4541,2574
4544,2575
4545,2576
4546,2577
4553,2578
4562,2579
4564,2580
4571,2581
4572,2582
4577,2583
4581,2584
4583,2585
4585,2586
4600,2587
4605,2588
4611,2589
4612,2590
4615,2591
4616,2592
4617,2593
4621,2594
4623,2595
4626,2596
4628,2597
4634,2598
4638,2599
4639,2600
4640,2601
4641,2602
4642,2603
4643,2604
4644,2605
4645,2606
4649,2607
4654,2608
4660,2609
4663,2610
4677,2611
4678,2612
4679,2613
4681,2614
4683,2615
4688,2616
4695,2617
4697,2618
4700,2619
4701,2620
4703,2621
4708,2622
4711,2623
4713,2624
4717,2625
4718,2626
4720,2627
4721,2628
4725,2629
4728,2630
4733,2631
4734,2632
4735,2633
4738,2634
4741,2635
4745,2636
4748,2637
4754,2638
4759,2639
4765,2640
4766,2641
4771,2642
4773,2643
4776,2644
4785,2645
4787,2646
4789,2647
4792,2648
4795,2649
4799,2650
4801,2651
4802,2652
4803,2653
4809,2654
4811,2655
4813,2656
4814,2657
4815,2658
4816,2659
4823,2660
4826,2661
4830,2662
4833,2663
4835,2664
4836,2665
4840,2666
4844,2667
4846,2668
4848,2669
4849,2670
4850,2671
4855,2672
4857,2673
4863,2674
4865,2675
4866,2676
4867,2677
4873,2678
4874,2679
4878,2680
4880,2681
4881,2682
4883,2683
4886,2684
4887,2685
4888,2686
4889,2687
4890,2688
4896,2689
4900,2690
4901,2691
4902,2692
4903,2693
4912,2694
4914,2695
4915,2696
4916,2697
4917,2698
4920,2699
4921,2700
4928,2701
4936,2702
4941,2703
4942,2704
4945,2705
4946,2706
4947,2707
4951,2708
4954,2709
4956,2710
4957,2711
4958,2712
4963,2713
4965,2714
4967,2715
4969,2716
4970,2717
4971,2718
4973,2719
4974,2720
4975,2721
4976,2722
4978,2723
4979,2724
4980,2725
4981,2726
4989,2727
4990,2728
4991,2729
4992,2730
4993,2731
4994,2732
4995,2733
5004,2734
5008,2735
5009,2736
5010,2737
5011,2738
5012,2739
5013,2740
5014,2741
5015,2742
5016,2743
5023,2744
5025,2745
5026,2746
5027,2747
5034,2748
5039,2749
5040,2750
5047,2751
5049,2752
5055,2753
5059,2754
5060,2755
5062,2756
5064,2757
5065,2758
5066,2759
5068,2760
5069,2761
5071,2762
5072,2763
5073,2764
5074,2765
5075,2766
5080,2767
5081,2768
5083,2769
5095,2770
5103,2771
5106,2772
5107,2773
5108,2774
5109,2775
5110,2776
5114,2777
5120,2778
5121,2779
5127,2780
5131,2781
5135,2782
5137,2783
5139,2784
5146,2785
5147,2786
5151,2787
5152,2788
5155,2789
5159,2790
5165,2791
5171,2792
5177,2793
5178,2794
5181,2795
5187,2796
5202,2797
5214,2798
5218,2799
5219,2800
5220,2801
5222,2802
5224,2803
5225,2804
5237,2805
5239,2806
5240,2807
5241,2808
5244,2809
5246,2810
5247,2811
5250,2812
5254,2813
5265,2814
5266,2815
5267,2816
5269,2817
5279,2818
5282,2819
5283,2820
5285,2821
5288,2822
5291,2823
5292,2824
5293,2825
5294,2826
5296,2827
5298,2828
5299,2829
5300,2830
5303,2831
5304,2832
5308,2833
5309,2834
5312,2835
5313,2836
5316,2837
5319,2838
5322,2839
5325,2840
5328,2841
5329,2842
5333,2843
5339,2844
5341,2845
5348,2846
5349,2847
5357,2848
5364,2849
5365,2850
5373,2851
5377,2852
5378,2853
5379,2854
5380,2855
5382,2856
5385,2857
5387,2858
5388,2859
5389,2860
5391,2861
5398,2862
5400,2863
5404,2864
5409,2865
5414,2866
5415,2867
5416,2868
5417,2869
5418,2870
5419,2871
5420,2872
5421,2873
5422,2874
5423,2875
5425,2876
5427,2877
5434,2878
5444,2879
5445,2880
5446,2881
5447,2882
5449,2883
5450,2884
5451,2885
5459,2886
5460,2887
5463,2888
5464,2889
5466,2890
5468,2891
5470,2892
5472,2893
5475,2894
5477,2895
5478,2896
5479,2897
5481,2898
5483,2899
5485,2900
5489,2901
5490,2902
5493,2903
5497,2904
5498,2905
5500,2906
5502,2907
5503,2908
5504,2909
5505,2910
5507,2911
5508,2912
5513,2913
5521,2914
5522,2915
5527,2916
5528,2917
5532,2918
5537,2919
5540,2920
5541,2921
5544,2922
5548,2923
5553,2924
5568,2925
5570,2926
5574,2927
5577,2928
5582,2929
5589,2930
5601,2931
5603,2932
5607,2933
5608,2934
5613,2935
5614,2936
5617,2937
5618,2938
5619,2939
5620,2940
5625,2941
5628,2942
5630,2943
5632,2944
5633,2945
5637,2946
5643,2947
5644,2948
5646,2949
5650,2950
5657,2951
5666,2952
5668,2953
5669,2954
5673,2955
5679,2956
5682,2957
5685,2958
5690,2959
5693,2960
5699,2961
5712,2962
5723,2963
5733,2964
5741,2965
5742,2966
5745,2967
5746,2968
5747,2969
5764,2970
5772,2971
5782,2972
5785,2973
5786,2974
5788,2975
5791,2976
5792,2977
5802,2978
5803,2979
5809,2980
5810,2981
5812,2982
5816,2983
5817,2984
5818,2985
5820,2986
5829,2987
5833,2988
5849,2989
5856,2990
5867,2991
5872,2992
5873,2993
5876,2994
5878,2995
5881,2996
5882,2997
5888,2998
5890,2999
5893,3000
5896,3001
5899,3002
5900,3003
5901,3004
5902,3005
5903,3006
5909,3007
5912,3008
5915,3009
5919,3010
5932,3011
5938,3012
5941,3013
5942,3014
5943,3015
5944,3016
5945,3017
5949,3018
5951,3019
5952,3020
5954,3021
5955,3022
5956,3023
5957,3024
5959,3025
5965,3026
5968,3027
5970,3028
5971,3029
5980,3030
5984,3031
5986,3032
5989,3033
5991,3034
5992,3035
5993,3036
5994,3037
5995,3038
6001,3039
6003,3040
6006,3041
6014,3042
6016,3043
6021,3044
6022,3045
6023,3046
6025,3047
6027,3048
6031,3049
6035,3050
6041,3051
6049,3052
6051,3053
6058,3054
6059,3055
6060,3056
6062,3057
6064,3058
6067,3059
6070,3060
6086,3061
6093,3062
6100,3063
6101,3064
6104,3065
6107,3066
6122,3067
6123,3068
6140,3069
6143,3070
6155,3071
6156,3072
6157,3073
6159,3074
6163,3075
6170,3076
6178,3077
6181,3078
6183,3079
6184,3080
6187,3081
6188,3082
6192,3083
6193,3084
6195,3085
6201,3086
6213,3087
6214,3088
6216,3089
6217,3090
6218,3091
6223,3092
6228,3093
6232,3094
6235,3095
6237,3096
6238,3097
6241,3098
6242,3099
6244,3100
6246,3101
6254,3102
6266,3103
6268,3104
6269,3105
6270,3106
6279,3107
6281,3108
6283,3109
6285,3110
6286,3111
6287,3112
6288,3113
6290,3114
6291,3115
6294,3116
6296,3117
6297,3118
6299,3119
6300,3120
6301,3121
6303,3122
6305,3123
6306,3124
6308,3125
6322,3126
6323,3127
6331,3128
6332,3129
6333,3130
6334,3131
6335,3132
6337,3133
6339,3134
6341,3135
6345,3136
6350,3137
6365,3138
6367,3139
6368,3140
6370,3141
6373,3142
6375,3143
6376,3144
6377,3145
6378,3146
6380,3147
6383,3148
6385,3149
6386,3150
6387,3151
6408,3152
6410,3153
6412,3154
6415,3155
6417,3156
6422,3157
6427,3158
6429,3159
6433,3160
6436,3161
6440,3162
6442,3163
6448,3164
6452,3165
6460,3166
6461,3167
6466,3168
6482,3169
6502,3170
6503,3171
6509,3172
6515,3173
6530,3174
6533,3175
6534,3176
6535,3177
6536,3178
6537,3179
6538,3180
6539,3181
6541,3182
6545,3183
6548,3184
6549,3185
6551,3186
6552,3187
6553,3188
6564,3189
6565,3190
6567,3191
6568,3192
6571,3193
6572,3194
6573,3195
6577,3196
6579,3197
6583,3198
6584,3199
6586,3200
6588,3201
6591,3202
6592,3203
6593,3204
6595,3205
6611,3206
6612,3207
6616,3208
6617,3209
6618,3210
6619,3211
6620,3212
6625,3213
6629,3214
6636,3215
6639,3216
6643,3217
6644,3218
6645,3219
6650,3220
6656,3221
6658,3222
6659,3223
6662,3224
6663,3225
6665,3226
6666,3227
6669,3228
6671,3229
6679,3230
6684,3231
6687,3232
6689,3233
6707,3234
6708,3235
6709,3236
6710,3237
6711,3238
6713,3239
6721,3240
6723,3241
6724,3242
6731,3243
6732,3244
6753,3245
6754,3246
6755,3247
6764,3248
6765,3249
6768,3250
6773,3251
6774,3252
6775,3253
6776,3254
6777,3255
6782,3256
6783,3257
6785,3258
6786,3259
6787,3260
6789,3261
6790,3262
6791,3263
6793,3264
6796,3265
6807,3266
6808,3267
6816,3268
6820,3269
6832,3270
6835,3271
6852,3272
6856,3273
6857,3274
6858,3275
6863,3276
6867,3277
6868,3278
6869,3279
6870,3280
6873,3281
6874,3282
6879,3283
6881,3284
6887,3285
6888,3286
6890,3287
6893,3288
6898,3289
6902,3290
6909,3291
6918,3292
6920,3293
6927,3294
6932,3295
6934,3296
6935,3297
6936,3298
6938,3299
6939,3300
6942,3301
6944,3302
6945,3303
6947,3304
6948,3305
6950,3306
6952,3307
6953,3308
6954,3309
6957,3310
6961,3311
6963,3312
6966,3313
6969,3314
6970,3315
6971,3316
6974,3317
6975,3318
6979,3319
6981,3320
6983,3321
6984,3322
6985,3323
6987,3324
6993,3325
6994,3326
6996,3327
7000,3328
7001,3329
7007,3330
7008,3331
7010,3332
7013,3333
7015,3334
7017,3335
7018,3336
7022,3337
7023,3338
7024,3339
7025,3340
7027,3341
7028,3342
7031,3343
7032,3344
7034,3345
7036,3346
7037,3347
7038,3348
7044,3349
7046,3350
7048,3351
7050,3352
7051,3353
7053,3354
7055,3355
7056,3356
7059,3357
7060,3358
7061,3359
7062,3360
7063,3361
7064,3362
7067,3363
7069,3364
7070,3365
7071,3366
7072,3367
7076,3368
7078,3369
7079,3370
7080,3371
7082,3372
7084,3373
7087,3374
7088,3375
7089,3376
7090,3377
7091,3378
7093,3379
7096,3380
7099,3381
7101,3382
7115,3383
7116,3384
7118,3385
7121,3386
7122,3387
7123,3388
7132,3389
7134,3390
7137,3391
7139,3392
7141,3393
7143,3394
7147,3395
7149,3396
7150,3397
7151,3398
7153,3399
7154,3400
7155,3401
7156,3402
7158,3403
7160,3404
7162,3405
7163,3406
7164,3407
7169,3408
7171,3409
7173,3410
7184,3411
7193,3412
7206,3413
7208,3414
7209,3415
7212,3416
7215,3417
7216,3418
7217,3419
7218,3420
7219,3421
7222,3422
7234,3423
7235,3424
7236,3425
7238,3426
7247,3427
7251,3428
7254,3429
7255,3430
7256,3431
7263,3432
7264,3433
7265,3434
7266,3435
7285,3436
7293,3437
7294,3438
7297,3439
7299,3440
7303,3441
7304,3442
7311,3443
7317,3444
7318,3445
7320,3446
7323,3447
7324,3448
7325,3449
7327,3450
7333,3451
7335,3452
7340,3453
7345,3454
7346,3455
7347,3456
7352,3457
7360,3458
7361,3459
7364,3460
7366,3461
7367,3462
7371,3463
7373,3464
7375,3465
7379,3466
7380,3467
7381,3468
7382,3469
7386,3470
7387,3471
7395,3472
7396,3473
7419,3474
7438,3475
7439,3476
7440,3477
7444,3478
7445,3479
7450,3480
7451,3481
7454,3482
7458,3483
7459,3484
7460,3485
7479,3486
7481,3487
7482,3488
7486,3489
7487,3490
7492,3491
7493,3492
7560,3493
7564,3494
7566,3495
7569,3496
7570,3497
7572,3498
7573,3499
7579,3500
7584,3501
7587,3502
7614,3503
7619,3504
7620,3505
7646,3506
7647,3507
7649,3508
7669,3509
7698,3510
7700,3511
7705,3512
7706,3513
7713,3514
7714,3515
7720,3516
7728,3517
7743,3518
7745,3519
7748,3520
7749,3521
7756,3522
7757,3523
7766,3524
7767,3525
7773,3526
7782,3527
7789,3528
7802,3529
7815,3530
7820,3531
7834,3532
7840,3533
7841,3534
7842,3535
7844,3536
7884,3537
7888,3538
7889,3539
7894,3540
7899,3541
7925,3542
7926,3543
7930,3544
7932,3545
7934,3546
7936,3547
7937,3548
7939,3549
7940,3550
7943,3551
7976,3552
7980,3553
7981,3554
7982,3555
7983,3556
7991,3557
8008,3558
8010,3559
8011,3560
8012,3561
8014,3562
8016,3563
8019,3564
8024,3565
8025,3566
8033,3567
8042,3568
8044,3569
8117,3570
8118,3571
8119,3572
8125,3573
8128,3574
8132,3575
8138,3576
8147,3577
8154,3578
8157,3579
8158,3580
8167,3581
8169,3582
8190,3583
8191,3584
8195,3585
8197,3586
8199,3587
8207,3588
8225,3589
8228,3590
8235,3591
8239,3592
8241,3593
8253,3594
8254,3595
8261,3596
8268,3597
8270,3598
8327,3599
8331,3600
8337,3601
8338,3602
8340,3603
8341,3604
8360,3605
8361,3606
8363,3607
8364,3608
8366,3609
8368,3610
8370,3611
8371,3612
8376,3613
8378,3614
8405,3615
8424,3616
8426,3617
8456,3618
8463,3619
8464,3620
8484,3621
8487,3622
8491,3623
8493,3624
8501,3625
8507,3626
8511,3627
8528,3628
8529,3629
8530,3630
8533,3631
8535,3632
8542,3633
8577,3634
8580,3635
8581,3636
8582,3637
8588,3638
8593,3639
8600,3640
8601,3641
8607,3642
8614,3643
8622,3644
8623,3645
8633,3646
8636,3647
8638,3648
8640,3649
8641,3650
8643,3651
8644,3652
8645,3653
8656,3654
8665,3655
8670,3656
8690,3657
8695,3658
8718,3659
8724,3660
8730,3661
8738,3662
8748,3663
8754,3664
8778,3665
8783,3666
8784,3667
8795,3668
8796,3669
8798,3670
8800,3671
8804,3672
8807,3673
8809,3674
8810,3675
8813,3676
8827,3677
8836,3678
8838,3679
8848,3680
8861,3681
8865,3682
8866,3683
8869,3684
8873,3685
8874,3686
8875,3687
8879,3688
8880,3689
8908,3690
8910,3691
8911,3692
8914,3693
8917,3694
8919,3695
8928,3696
8933,3697
8937,3698
8938,3699
8939,3700
8949,3701
8950,3702
8951,3703
8954,3704
8957,3705
8958,3706
8961,3707
8966,3708
8968,3709
8969,3710
8970,3711
8972,3712
8973,3713
8974,3714
8979,3715
8981,3716
8983,3717
8984,3718
8985,3719
8998,3720
9010,3721
9018,3722
25750,3723
25752,3724
25753,3725
25757,3726
25769,3727
25771,3728
25773,3729
25788,3730
25805,3731
25825,3732
25833,3733
25834,3734
25841,3735
25850,3736
25865,3737
25886,3738
25898,3739
25906,3740
25947,3741
25952,3742
25963,3743
26003,3744
26038,3745
26048,3746
26052,3747
26059,3748
26073,3749
26078,3750
26082,3751
26084,3752
26116,3753
26122,3754
26131,3755
26133,3756
26147,3757
26150,3758
26158,3759
26171,3760
26184,3761
26225,3762
26231,3763
26236,3764
26237,3765
26258,3766
26303,3767
26313,3768
26322,3769
26326,3770
26340,3771
26347,3772
26350,3773
26357,3774
26359,3775
26366,3776
26375,3777
26394,3778
26409,3779
26444,3780
26471,3781
26492,3782
26524,3783
26527,3784
26528,3785
26554,3786
26578,3787
26587,3788
26599,3789
26606,3790
26614,3791
26631,3792
26649,3793
26662,3794
26680,3795
26693,3796
26704,3797
26712,3798
26729,3799
26732,3800
26736,3801
26776,3802
26777,3803
26778,3804
26810,3805
26840,3806
26849,3807
26865,3808
26875,3809
26903,3810
26928,3811
26965,3812
26974,3813
26985,3814
27134,3815
27156,3816
27176,3817
27178,3818
27186,3819
27193,3820
27266,3821
27317,3822
27320,3823
27328,3824
27329,3825
27368,3826
27369,3827
27370,3828
27373,3829
27397,3830
27408,3831
27416,3832
27523,3833
27555,3834
27563,3835
27592,3836
27611,3837
27627,3838
27660,3839
27674,3840
27704,3841
27706,3842
27708,3843
27716,3844
27721,3845
27722,3846
27731,3847
27741,3848
27744,3849
27751,3850
27768,3851
27773,3852
27776,3853
27790,3854
27801,3855
27803,3856
27808,3857
27815,3858
27820,3859
27821,3860
27822,3861
27831,3862
27834,3863
27838,3864
27846,3865
27850,3866
27869,3867
27878,3868
27879,3869
27882,3870
27904,3871
27912,3872
30707,3873
30745,3874
30749,3875
30793,3876
30803,3877
30810,3878
30812,3879
30816,3880
30820,3881
30822,3882
30825,3883
30850,3884
30994,3885
31030,3886
31038,3887
31101,3888
31116,3889
31184,3890
31221,3891
31364,3892
31410,3893
31420,3894
31433,3895
31435,3896
31437,3897
31522,3898
31545,3899
31610,3900
31658,3901
31685,3902
31696,3903
31702,3904
31804,3905
31878,3906
31903,3907
31909,3908
31923,3909
32009,3910
32019,3911
32022,3912
32029,3913
32031,3914
32139,3915
32179,3916
32234,3917
32289,3918
32291,3919
32302,3920
32387,3921
32456,3922
32460,3923
32469,3924
32511,3925
32554,3926
32582,3927
32584,3928
32587,3929
32596,3930
32598,3931
32649,3932
32657,3933
32728,3934
32770,3935
32862,3936
32892,3937
32898,3938
33004,3939
33138,3940
33145,3941
33154,3942
33162,3943
33166,3944
33237,3945
33310,3946
33421,3947
33437,3948
33493,3949
33564,3950
33615,3951
33660,3952
33669,3953
33672,3954
33679,3955
33683,3956
33725,3957
33779,3958
33794,3959
33880,3960
33893,3961
33896,3962
33903,3963
34048,3964
34072,3965
34150,3966
34153,3967
34162,3968
34271,3969
34319,3970
34323,3971
34326,3972
34338,3973
34359,3974
34405,3975
34437,3976
34528,3977
34530,3978
34534,3979
34536,3980
34542,3981
35836,3982
35957,3983
36363,3984
36477,3985
36517,3986
36519,3987
36525,3988
36527,3989
36529,3990
36535,3991
36537,3992
36708,3993
37240,3994
37384,3995
37386,3996
37720,3997
37727,3998
37729,3999
37731,4000
37733,4001
37739,4002
37741,4003
37830,4004
37857,4005
38038,4006
38061,4007
38159,4008
38164,4009
38198,4010
38304,4011
38388,4012
38798,4013
38886,4014
39183,4015
39231,4016
39234,4017
39292,4018
39381,4019
39414,4020
39427,4021
39444,4022
39446,4023
39869,4024
40148,4025
40278,4026
40412,4027
40414,4028
40583,4029
40614,4030
40629,4031
40723,4032
40732,4033
40815,4034
40819,4035
40826,4036
40955,4037
40959,4038
41014,4039
41285,4040
41527,4041
41566,4042
41569,4043
41571,4044
41573,4045
41716,4046
41724,4047
41863,4048
41997,4049
42002,4050
42004,4051
42176,4052
42191,4053
42418,4054
42422,4055
42556,4056
42632,4057
42718,4058
42723,4059
42725,4060
42728,4061
42730,4062
42732,4063
42734,4064
42738,4065
43376,4066
43396,4067
43460,4068
43560,4069
43679,4070
43684,4071
43836,4072
43869,4073
43914,4074
43921,4075
44022,4076
44189,4077
44191,4078
44193,4079
44195,4080
44199,4081
44397,4082
44555,4083
44613,4084
44633,4085
44665,4086
44694,4087
44709,4088
44761,4089
44788,4090
44828,4091
44840,4092
44864,4093
44889,4094
44929,4095
44931,4096
44937,4097
44943,4098
44972,4099
44974,4100
45028,4101
45175,4102
45186,4103
45210,4104
45382,4105
45431,4106
45440,4107
45447,4108
45499,4109
45501,4110
45503,4111
45517,4112
45668,4113
45672,4114
45720,4115
45722,4116
45728,4117
45880,4118
45928,4119
45950,4120
46337,4121
46347,4122
46530,4123
46572,4124
46578,4125
46723,4126
46850,4127
46855,4128
46948,4129
46965,4130
46967,4131
46970,4132
46972,4133
46976,4134
47044,4135
47099,4136
47122,4137
47200,4138
47202,4139
47382,4140
47423,4141
47491,4142
47518,4143
47566,4144
47610,4145
47629,4146
47640,4147
47644,4148
47646,4149
47894,4150
47970,4151
47997,4152
47999,4153
48032,4154
48043,4155
48082,4156
48142,4157
48262,4158
48304,4159
48322,4160
48342,4161
48385,4162
48394,4163
48516,4164
48598,4165
48696,4166
48698,4167
48738,4168
48741,4169
48744,4170
48774,4171
48780,4172
48783,4173
48872,4174
48877,4175
48879,4176
48997,4177
49130,4178
49265,4179
49272,4180
49274,4181
49278,4182
49280,4183
49286,4184
49347,4185
49389,4186
49396,4187
49530,4188
49647,4189
49651,4190
49688,4191
49772,4192
49793,4193
49822,4194
49824,4195
49910,4196
49932,4197
49961,4198
50068,4199
50274,4200
50442,4201
50658,4202
50685,4203
50740,4204
50794,4205
50842,4206
50851,4207
50872,4208
50912,4209
51080,4210
51084,4211
51086,4212
51088,4213
51091,4214
51255,4215
51314,4216
51412,4217
51540,4218
51662,4219
51705,4220
51709,4221
51834,4222
51884,4223
51931,4224
51935,4225
51939,4226
52241,4227
52245,4228
52281,4229
52287,4230
52319,4231
52328,4232
52435,4233
52458,4234
52604,4235
52644,4236
52668,4237
52722,4238
52767,4239
52784,4240
52867,4241
52885,4242
52952,4243
52967,4244
52973,4245
52975,4246
53000,4247
53024,4248
53121,4249
53123,4250
53125,4251
53127,4252
53129,4253
53140,4254
53318,4255
53322,4256
53447,4257
53460,4258
53468,4259
53519,4260
53550,4261
53574,4262
53883,4263
53894,4264
53953,4265
53956,4266
53972,4267
53993,4268
53996,4269
54001,4270
54004,4271
54185,4272
54190,4273
54256,4274
54259,4275
54272,4276
54281,4277
54286,4278
54354,4279
54372,4280
54503,4281
54736,4282
54771,4283
54881,4284
54995,4285
54997,4286
55020,4287
55052,4288
55069,4289
55071,4290
55080,4291
55094,4292
55112,4293
55118,4294
55156,4295
55167,4296
55241,4297
55247,4298
55253,4299
55267,4300
55269,4301
55272,4302
55276,4303
55278,4304
55280,4305
55282,4306
55290,4307
55363,4308
55391,4309
55442,4310
55444,4311
55577,4312
55687,4313
55721,4314
55765,4315
55814,4316
55820,4317
55830,4318
55872,4319
56145,4320
56152,4321
56169,4322
56171,4323
56174,4324
56251,4325
56286,4326
56339,4327
56367,4328
56389,4329
56587,4330
56607,4331
56715,4332
56757,4333
56775,4334
56782,4335
56788,4336
56805,4337
56908,4338
56921,4339
56941,4340
56949,4341
57147,4342
57243,4343
57274,4344
57368,4345
57504,4346
57528,4347
57640,4348
57669,4349
57843,4350
58025,4351
58047,4352
58103,4353
58107,4354
58154,4355
58162,4356
58191,4357
58293,4358
58295,4359
58299,4360
58303,4361
58309,4362
58347,4363
58351,4364
58376,4365
58425,4366
58554,4367
58559,4368
58803,4369
58998,4370
59018,4371
59022,4372
59037,4373
59103,4374
59126,4375
59141,4376
59143,4377
59258,4378
59315,4379
59369,4380
59387,4381
59421,4382
59501,4383
59604,4384
59615,4385
59784,4386
59814,4387
59900,4388
59985,4389
59995,4390
60030,4391
60040,4392
60069,4393
60072,4394
60074,4395
60126,4396
60161,4397
60291,4398
60293,4399
60333,4400
60389,4401
60397,4402
60408,4403
60487,4404
60516,4405
60684,4406
60753,4407
60756,4408
60766,4409
60832,4410
60904,4411
60943,4412
60950,4413
60979,4414
61024,4415
61026,4416
61132,4417
61167,4418
61236,4419
61240,4420
61257,4421
61323,4422
61352,4423
61394,4424
61406,4425
62081,4426
62155,4427
62208,4428
62250,4429
62293,4430
62336,4431
62344,4432
62374,4433
62383,4434
62434,4435
62553,4436
62644,4437
62849,4438
62956,4439
62999,4440
63062,4441
63072,4442
63082,4443
63113,4444
63131,4445
63433,4446
63436,4447
63479,4448
63515,4449
63853,4450
63859,4451
63876,4452
63992,4453
64034,4454
64197,4455
64285,4456
64575,4457
64614,4458
64620,4459
64622,4460
64716,4461
64839,4462
64957,4463
64969,4464
64983,4465
64993,4466
65088,4467
65126,4468
65130,4469
65188,4470
65216,4471
65225,4472
65230,4473
65261,4474
65514,4475
65631,4476
65642,4477
65682,4478
65738,4479
65740,4480
65802,4481
66090,4482
66097,4483
66203,4484
66297,4485
66320,4486
66371,4487
66511,4488
66544,4489
66665,4490
66744,4491
66785,4492
66934,4493
67087,4494
67255,4495
67267,4496
67295,4497
67408,4498
67508,4499
67618,4500
67665,4501
67734,4502
67923,4503
67997,4504
68073,4505
68135,4506
68157,4507
68159,4508
68194,4509
68237,4510
68269,4511
68319,4512
68347,4513
68358,4514
68486,4515
68536,4516
68554,4517
68597,4518
68659,4519
68791,4520
68793,4521
68848,4522
68872,4523
68952,4524
68954,4525
69069,4526
69122,4527
69134,4528
69224,4529
69275,4530
69306,4531
69394,4532
69406,4533
69481,4534
69524,4535
69529,4536
69640,4537
69644,4538
69757,4539
69784,4540
69844,4541
69860,4542
69951,4543
70183,4544
70286,4545
70293,4546
70451,4547
70521,4548
70533,4549
70565,4550
70599,4551
70687,4552
70708,4553
70728,4554
70862,4555
70946,4556
71033,4557
71057,4558
71106,4559
71131,4560
71135,4561
71156,4562
71211,4563
71264,4564
71268,4565
71282,4566
71302,4567
71379,4568
71453,4569
71462,4570
71464,4571
71466,4572
71518,4573
71530,4574
71535,4575
71579,4576
71619,4577
71745,4578
71823,4579
71838,4580
71899,4581
71970,4582
71999,4583
72011,4584
72104,4585
72129,4586
72171,4587
72226,4588
72308,4589
72356,4590
72378,4591
72395,4592
72407,4593
72489,4594
72554,4595
72605,4596
72641,4597
72733,4598
72737,4599
72982,4600
72998,4601
73015,4602
73017,4603
73023,4604
73266,4605
73321,4606
73323,4607
73344,4608
73854,4609
73881,4610
74226,4611
74282,4612
74324,4613
74452,4614
74458,4615
74508,4616
74510,4617
74545,4618
74553,4619
74668,4620
74677,4621
74727,4622
74750,4623
74789,4624
74791,4625
74795,4626
74946,4627
76054,4628
76060,4629
76077,4630
76093,4631
76173,4632
76251,4633
76293,4634
77191,4635
77455,4636
77561,4637
77800,4638
77846,4639
77866,4640
78105,4641
78266,4642
78316,4643
78349,4644
78469,4645
78499,4646
78574,4647
78637,4648
78703,4649
78746,4650
78772,4651
78836,4652
79006,4653
79008,4654
79073,4655
79091,4656
79132,4657
79134,4658
79139,4659
79185,4660
79224,4661
79242,4662
79293,4663
79333,4664
79357,4665
79428,4666
79695,4667
79702,4668
80126,4669
80219,4670
80241,4671
80363,4672
80463,4673
80478,4674
80489,4675
80549,4676
80572,4677
80584,4678
80586,4679
80615,4680
80693,4681
80748,4682
80831,4683
80860,4684
80880,4685
80906,4686
80969,4687
81018,4688
81156,4689
81191,4690
81229,4691
81417,4692
81512,4693
81535,4694
81562,4695
81564,4696
81591,4697
81782,4698
81784,4699
81786,4700
81788,4701
81819,4702
81831,4703
81834,4704
81845,4705
81847,4706
81910,4707
81932,4708
82041,4709
82053,4710
82169,4711
82202,4712
82242,4713
82459,4714
82461,4715
82527,4716
82667,4717
82852,4718
82857,4719
83132,4720
83134,4721
83613,4722
83803,4723
83827,4724
83976,4725
84152,4726
84156,4727
84189,4728
84240,4729
84273,4730
84374,4731
84392,4732
84553,4733
84601,4734
84696,4735
84716,4736
84772,4737
84799,4738
84844,4739
84847,4740
84944,4741
84954,4742
85020,4743
85259,4744
85342,4745
85354,4746
85397,4747
85414,4748
85510,4749
85736,4750
85774,4751
85780,4752
85881,4753
85885,4754
86000,4755
86066,4756
86142,4757
86190,4758
86237,4759
86290,4760
86298,4761
86320,4762
86332,4763
86345,4764
86347,4765
86377,4766
86487,4767
86504,4768
86628,4769
86668,4770
86781,4771
86817,4772
86833,4773
86880,4774
86882,4775
86911,4776
87192,4777
87222,4778
87232,4779
87234,4780
87287,4781
87306,4782
87483,4783
87520,4784
87522,4785
87529,4786
87869,4787
88125,4788
88129,4789
88140,4790
88163,4791
88235,4792
88345,4793
88405,4794
88448,4795
88744,4796
88810,4797
88932,4798
89039,4799
89047,4800
89090,4801
89118,4802
89470,4803
89492,4804
89580,4805
89582,4806
89678,4807
89745,4808
89753,4809
89759,4810
89774,4811
89804,4812
89864,4813
89904,4814
89939,4815
90057,4816
90245,4817
90353,4818
90405,4819
90430,4820
90439,4821
90522,4822
90531,4823
90576,4824
90600,4825
90647,4826
90746,4827
90769,4828
90863,4829
90866,4830
90888,4831
90890,4832
90943,4833
91077,4834
91079,4835
91094,4836
91104,4837
91126,4838
91128,4839
91337,4840
91485,4841
91500,4842
91529,4843
91535,4844
91542,4845
91622,4846
91630,4847
91653,4848
91658,4849
91690,4850
91784,4851
91974,4852
91976,4853
92048,4854
92259,4855
92348,4856
92391,4857
92420,4858
92422,4859
92475,4860
92494,4861
92535,4862
92643,4863
93006,4864
93008,4865
93040,4866
93287,4867
93297,4868
93320,4869
93443,4870
93510,4871
93512,4872
93721,4873
93790,4874
93831,4875
93838,4876
93840,4877
93988,4878
94015,4879
94070,4880
94150,4881
94325,4882
94405,4883
94677,4884
94735,4885
94777,4886
94810,4887
94833,4888
94864,4889
94953,4890
94959,4891
95088,4892
95105,4893
95135,4894
95167,4895
95170,4896
95175,4897
95307,4898
95309,4899
95311,4900
95313,4901
95377,4902
95441,4903
95449,4904
95510,4905
95558,4906
95654,4907
95858,4908
95873,4909
95875,4910
95939,4911
96020,4912
96079,4913
96084,4914
96110,4915
96373,4916
96411,4917
96417,4918
96488,4919
96563,4920
96588,4921
96606,4922
96610,4923
96691,4924
96728,4925
96737,4926
96811,4927
96821,4928
96829,4929
96861,4930
96917,4931
97168,4932
97304,4933
97306,4934
97752,4935
97757,4936
97860,4937
97866,4938
97870,4939
97904,4940
97913,4941
97921,4942
97923,4943
97938,4944
98124,4945
98154,4946
98361,4947
98491,4948
98585,4949
98809,4950
98961,4951
99007,4952
99112,4953
99114,4954
99145,4955
99149,4956
99191,4957
99728,4958
99813,4959
100044,4960
100383,4961
100527,4962
100553,4963
100556,4964
100714,4965
100810,4966
101142,4967
101525,4968
101577,4969
101612,4970
101741,4971
101765,4972
101864,4973
101895,4974
101962,4975
102123,4976
102125,4977
102194,4978
102217,4979
102407,4980
102445,4981
102481,4982
102602,4983
102666,4984
102903,4985
103042,4986
103075,4987
103141,4988
103228,4989
103235,4990
103249,4991
103253,4992
103335,4993
103339,4994
103341,4995
103384,4996
103539,4997
103543,4998
103606,4999
103624,5000
103688,5001
103980,5002
103984,5003
104069,5004
104078,5005
104211,5006
104241,5007
104303,5008
104339,5009
104374,5010
104841,5011
104879,5012
104906,5013
104913,5014
105197,5015
105213,5016
105250,5017
105254,5018
105504,5019
105593,5020
105653,5021
105835,5022
105844,5023
106002,5024
106062,5025
106072,5026
106100,5027
106438,5028
106487,5029
106489,5030
106491,5031
106642,5032
106696,5033
106782,5034
106916,5035
106918,5036
106920,5037
107141,5038
107159,5039
107348,5040
107406,5041
107410,5042
107412,5043
107565,5044
107953,5045
108190,5046
108540,5047
108689,5048
108727,5049
108932,5050
108949,5051
108981,5052
109161,5053
109374,5054
109487,5055
109633,5056
109846,5057
109853,5058
109971,5059
110102,5060
110127,5061
110130,5062
110350,5063
110387,5064
110553,5065
110586,5066
110730,5067
110882,5068
111113,5069
111362,5070
111617,5071
111622,5072
111659,5073
111759,5074
111781,5075
111921,5076
112006,5077
112138,5078
112175,5079
112183,5080
112290,5081
112334,5082
112421,5083
112512,5084
112515,5085
112552,5086
112556,5087
112623,5088
112852,5089
112868,5090
113275,5091
113394,5092
113829,5093
114028,5094
114074,5095
114180,5096
114265,5097
114662,5098
114795,5099
114935,5100
115149,5101
115210,5102
115231,5103
115569,5104
115617,5105
115713,5106
115877,5107
116411,5108
116797,5109
116799,5110
116823,5111
116897,5112
117176,5113
117192,5114
117529,5115
117531,5116
117533,5117
117545,5118
117590,5119
117849,5120
117887,5121
118696,5122
118880,5123
118985,5124
118997,5125
119141,5126
119145,5127
119155,5128
120466,5129
120635,5130
121171,5131
122882,5132
122886,5133
122892,5134
122896,5135
122900,5136
122904,5137
124851,5138
124853,5139
126090,5140
126142,5141
126426,5142
126430,5143
126548,5144
127052,5145
127096,5146
127098,5147
127114,5148
127136,5149
127180,5150
127184,5151
127198,5152
127202,5153
127204,5154
127298,5155
128360,5156
128900,5157
128902,5158
128991,5159
129354,5160
130073,5161
130087,5162
130490,5163
130518,5164
130578,5165
130842,5166
130976,5167
130978,5168
131237,5169
131714,5170
131724,5171
132046,5172
132333,5173
133115,5174
133419,5175
133802,5176
134041,5177
134109,5178
134130,5179
134170,5180
134184,5181
134214,5182
134252,5183
134368,5184
134393,5185
134796,5186
134849,5187
134853,5188
134881,5189
135133,5190
135887,5191
136020,5192
136469,5193
136562,5194
137337,5195
137595,5196
138036,5197
138204,5198
138966,5199
139385,5200
139642,5201
139644,5202
140110,5203
140162,5204
140247,5205
140289,5206
140715,5207
140725,5208
140816,5209
141836,5210
141844,5211
141846,5212
142488,5213
143385,5214
143458,5215
143525,5216
144210,5217
144478,5218
146024,5219
146028,5220
146656,5221
148424,5222
148626,5223
150548,5224
152711,5225
155168,5226
